/*DRZAVE*/
INSERT INTO Drzave (DrzavaID, Naziv) VALUES (1, 'Srbija');
INSERT INTO Drzave (DrzavaID, Naziv) VALUES (2, 'Hrvatska');
INSERT INTO Drzave (DrzavaID, Naziv) VALUES (3, 'Slovenija');
INSERT INTO Drzave (DrzavaID, Naziv) VALUES (4, 'Bosna i Hercegovina');
INSERT INTO Drzave (DrzavaID, Naziv) VALUES (5, 'Crna Gora');
INSERT INTO Drzave (DrzavaID, Naziv) VALUES (6, 'Makedonija');
INSERT INTO Drzave (DrzavaID, Naziv) VALUES (7, 'Austrija');
INSERT INTO Drzave (DrzavaID, Naziv) VALUES (8, 'Italija');
INSERT INTO Drzave (DrzavaID, Naziv) VALUES (9, 'Nemačka');
INSERT INTO Drzave (DrzavaID, Naziv) VALUES (10, 'Francuska');
INSERT INTO Drzave (DrzavaID, Naziv) VALUES (11, 'Španija');
INSERT INTO Drzave (DrzavaID, Naziv) VALUES (12, 'Portugal');
INSERT INTO Drzave (DrzavaID, Naziv) VALUES (13, 'Holandija');
INSERT INTO Drzave (DrzavaID, Naziv) VALUES (14, 'Belgija');
INSERT INTO Drzave (DrzavaID, Naziv) VALUES (15, 'Švajcarska');
INSERT INTO Drzave (DrzavaID, Naziv) VALUES (16, 'Poljska');
INSERT INTO Drzave (DrzavaID, Naziv) VALUES (17, 'Češka');
INSERT INTO Drzave (DrzavaID, Naziv) VALUES (18, 'Slovačka');
INSERT INTO Drzave (DrzavaID, Naziv) VALUES (19, 'Mađarska');
INSERT INTO Drzave (DrzavaID, Naziv) VALUES (20, 'Grčka');
INSERT INTO Drzave (DrzavaID, Naziv) VALUES (21, 'Turska');
INSERT INTO Drzave (DrzavaID, Naziv) VALUES (22, 'Rusija');
INSERT INTO Drzave (DrzavaID, Naziv) VALUES (23, 'Velika Britanija');
INSERT INTO Drzave (DrzavaID, Naziv) VALUES (24, 'SAD');
INSERT INTO Drzave (DrzavaID, Naziv) VALUES (25, 'Kanada');

/*GRADOVI*/
INSERT INTO Grad (GradID, Grad, PozivniBroj, PostanskiBroj, BrojStanovnika, DrzavaID) VALUES (1, 'London', '020', 'SW1A 1AA', 8908081, 23);
INSERT INTO Grad (GradID, Grad, PozivniBroj, PostanskiBroj, BrojStanovnika, DrzavaID) VALUES (2, 'Pariz', '01', '75000', 2140526, 10);
INSERT INTO Grad (GradID, Grad, PozivniBroj, PostanskiBroj, BrojStanovnika, DrzavaID) VALUES (3, 'Berlin', '030', '10178', 3748148, 9);
INSERT INTO Grad (GradID, Grad, PozivniBroj, PostanskiBroj, BrojStanovnika, DrzavaID) VALUES (4, 'Rim', '06', '00100', 2873494, 8);
INSERT INTO Grad (GradID, Grad, PozivniBroj, PostanskiBroj, BrojStanovnika, DrzavaID) VALUES (5, 'Barselona', '93', '08001', 1620343, 11);
INSERT INTO Grad (GradID, Grad, PozivniBroj, PostanskiBroj, BrojStanovnika, DrzavaID) VALUES (6, 'Atina', '21', '105 63', 664046, 20);
INSERT INTO Grad (GradID, Grad, PozivniBroj, PostanskiBroj, BrojStanovnika, DrzavaID) VALUES (7, 'Amsterdam', '020', '1012 JS', 873555, 13);
INSERT INTO Grad (GradID, Grad, PozivniBroj, PostanskiBroj, BrojStanovnika, DrzavaID) VALUES (8, 'Beč', '01', '1010', 1899055, 7);
INSERT INTO Grad (GradID, Grad, PozivniBroj, PostanskiBroj, BrojStanovnika, DrzavaID) VALUES (9, 'Budimpešta', '01', '1011', 1741041, 19);
INSERT INTO Grad (GradID, Grad, PozivniBroj, PostanskiBroj, BrojStanovnika, DrzavaID) VALUES (10, 'Varšava', '22', '00-001', 1783321, 16);
INSERT INTO Grad (GradID, Grad, PozivniBroj, PostanskiBroj, BrojStanovnika, DrzavaID) VALUES (11, 'Beograd', '011', '11000', 1233795, 1);
INSERT INTO Grad (GradID, Grad, PozivniBroj, PostanskiBroj, BrojStanovnika, DrzavaID) VALUES (12, 'Prag', '02', '118 00', 1301132, 17);
INSERT INTO Grad (GradID, Grad, PozivniBroj, PostanskiBroj, BrojStanovnika, DrzavaID) VALUES (13, 'Lisabon', '21', '1100-041', 547631, 12);
INSERT INTO Grad (GradID, Grad, PozivniBroj, PostanskiBroj, BrojStanovnika, DrzavaID) VALUES (14, 'Vasington', '08', '111 20', 974073,24);
INSERT INTO Grad (GradID, Grad, PozivniBroj, PostanskiBroj, BrojStanovnika, DrzavaID) VALUES (15, 'Milano', '043', '1050', 633285, 8);
INSERT INTO Grad (GradID, Grad, PozivniBroj, PostanskiBroj, BrojStanovnika, DrzavaID) VALUES (16, 'Napoli', '09', '00100', 656229, 8);
INSERT INTO Grad (GradID, Grad, PozivniBroj, PostanskiBroj, BrojStanovnika, DrzavaID) VALUES (17, 'Moskva', '01', 'D01 F5P2', 553165, 22);
INSERT INTO Grad (GradID, Grad, PozivniBroj, PostanskiBroj, BrojStanovnika, DrzavaID) VALUES (18, 'Mancester', '02', '0157', 673469, 23);
INSERT INTO Grad (GradID, Grad, PozivniBroj, PostanskiBroj, BrojStanovnika, DrzavaID) VALUES (19, 'Valencia', '02', '1000', 185103, 11);
INSERT INTO Grad (GradID, Grad, PozivniBroj, PostanskiBroj, BrojStanovnika, DrzavaID) VALUES (20, 'Minhen', '089', '80538', 1471508, 9);
INSERT INTO Grad (GradID, Grad, PozivniBroj, PostanskiBroj, BrojStanovnika, DrzavaID) VALUES (21, 'Istanbul', '352', 'L-2010', 122273, 21);
INSERT INTO Grad (GradID, Grad, PozivniBroj, PostanskiBroj, BrojStanovnika, DrzavaID) VALUES (22, 'Ljubljana', '01', '1000', 279631, 3);
INSERT INTO Grad (GradID, Grad, PozivniBroj, PostanskiBroj, BrojStanovnika, DrzavaID) VALUES (23, 'Porto', '01', '10000', 792875, 12);
INSERT INTO Grad (GradID, Grad, PozivniBroj, PostanskiBroj, BrojStanovnika, DrzavaID) VALUES (24, 'Liverpul', '02', '0030', 693491, 23);
INSERT INTO Grad (GradID, Grad, PozivniBroj, PostanskiBroj, BrojStanovnika, DrzavaID) VALUES (25, 'Madrid', '91', '28001', 3266126, 11);

/*STADIONI*/
INSERT INTO Stadion (StadionID, Naziv, Adresa, Kapacitet, BrojUlaza, GradID) VALUES (1, 'Camp Nou', 'C. d Arístides Maillol, 12', 50000, 10, 5);
INSERT INTO Stadion (StadionID, Naziv, Adresa, Kapacitet, BrojUlaza, GradID) VALUES (2, 'Old Trafford', 'Sir Matt Busby Way, Stretford', 40000, 8, 18);
INSERT INTO Stadion (StadionID, Naziv, Adresa, Kapacitet, BrojUlaza, GradID) VALUES (3, 'Santiago Bernabeu', 'Madrid, Španija', 35000, 6, 25);
INSERT INTO Stadion (StadionID, Naziv, Adresa, Kapacitet, BrojUlaza, GradID) VALUES (4, 'San Siro', 'Av. de Concha Espina, 1', 81044, 9, 15);
INSERT INTO Stadion (StadionID, Naziv, Adresa, Kapacitet, BrojUlaza, GradID) VALUES (5, 'Allianz Arena', 'Werner-Heisenberg-Allee 25', 75024, 11, 20);
INSERT INTO Stadion (StadionID, Naziv, Adresa, Kapacitet, BrojUlaza, GradID) VALUES (6, 'Wembley Stadium', 'London HA9 0WS', 90000, 7, 1);
INSERT INTO Stadion (StadionID, Naziv, Adresa, Kapacitet, BrojUlaza, GradID) VALUES (7, 'Signal Iduna Park', 'Strobelallee 50', 81365, 5, 20);
INSERT INTO Stadion (StadionID, Naziv, Adresa, Kapacitet, BrojUlaza, GradID) VALUES (8, 'Emirates Stadium', 'Hornsey Rd, London N7 7AJ', 60704, 8, 1);
INSERT INTO Stadion (StadionID, Naziv, Adresa, Kapacitet, BrojUlaza, GradID) VALUES (9, 'Anfield', 'Anfield Rd, Anfield, Liverpool L4 0TH', 54000, 9, 24);
INSERT INTO Stadion (StadionID, Naziv, Adresa, Kapacitet, BrojUlaza, GradID) VALUES (10, 'Stadio Olimpico', 'Viale dei Gladiatori, 00135', 72698, 6, 4);
INSERT INTO Stadion (StadionID, Naziv, Adresa, Kapacitet, BrojUlaza, GradID) VALUES (11, 'Parc des Princes', '24 Rue du Commandant Guilbaud, 75016', 48583, 10, 2);
INSERT INTO Stadion (StadionID, Naziv, Adresa, Kapacitet, BrojUlaza, GradID) VALUES (12, 'Estadio da Luz', 'Av. Eusébio da Silva Ferreira, 1500-313', 65000, 7, 13);
INSERT INTO Stadion (StadionID, Naziv, Adresa, Kapacitet, BrojUlaza, GradID) VALUES (13, 'Johan Cruijff Arena', 'Johan Cruijff Boulevard 1, 1101 AX', 55885, 8, 7);
INSERT INTO Stadion (StadionID, Naziv, Adresa, Kapacitet, BrojUlaza, GradID) VALUES (14, 'Stade de France', '93200 Saint-Denis', 80000, 12, 2);
INSERT INTO Stadion (StadionID, Naziv, Adresa, Kapacitet, BrojUlaza, GradID) VALUES (15, 'Estadio do Dragao', 'Via Futebol Clube do Porto, 4350-415', 50033, 5, 23);
INSERT INTO Stadion (StadionID, Naziv, Adresa, Kapacitet, BrojUlaza, GradID) VALUES (16, 'Estadio Olímpico', 'Dimitriou Vikela Avenue 52. Halandri', 75000, 8, 6);
INSERT INTO Stadion (StadionID, Naziv, Adresa, Kapacitet, BrojUlaza, GradID) VALUES (17, 'Türk Telekom Stadyumu', 'Huzur Mh., Metin Oktay Caddesi, 34386', 52600, 10, 21);
INSERT INTO Stadion (StadionID, Naziv, Adresa, Kapacitet, BrojUlaza, GradID) VALUES (18, 'Veltins-Arena', 'Rudi-Assauer-Platz 1, 45891 Gelsenkirchen', 62271, 7, 20);
INSERT INTO Stadion (StadionID, Naziv, Adresa, Kapacitet, BrojUlaza, GradID) VALUES (19, 'Stadio San Paolo', 'Napoli, Italija', 40000, 8, 16);
INSERT INTO Stadion (StadionID, Naziv, Adresa, Kapacitet, BrojUlaza, GradID) VALUES (20, 'JNA', 'Stadion Partizana, Humska 1, Beograd 11000', 29775, 9, 11);
INSERT INTO Stadion (StadionID, Naziv, Adresa, Kapacitet, BrojUlaza, GradID) VALUES (21, 'Stanford Bridge', 'Fulham Rd., London SW6 1HS', 40341, 6, 1);
INSERT INTO Stadion (StadionID, Naziv, Adresa, Kapacitet, BrojUlaza, GradID) VALUES (22, 'Vande Metropolitano', 'Av. de Luis Aragonés, 4, 28022', 68456, 7, 25);
INSERT INTO Stadion (StadionID, Naziv, Adresa, Kapacitet, BrojUlaza, GradID) VALUES (23, 'Moscow Stadium', 'Luzhniki Street, 24, Moscow', 81000, 10, 17);
INSERT INTO Stadion (StadionID, Naziv, Adresa, Kapacitet, BrojUlaza, GradID) VALUES (24, 'Mestallia', 'Av. de Suècia, s/n, 46010 València', 49430, 7, 19);
INSERT INTO Stadion (StadionID, Naziv, Adresa, Kapacitet, BrojUlaza, GradID) VALUES (25, 'Guissepe Meatsa', 'Piazzale Angelo Moratti, 20151 Milano', 75817, 8,15);

/*KLUBOVI*/
INSERT INTO klub VALUES(1, 'Barcelona', 1, 'info@barcelona.com', 'www.barcelona.com', '123456789', 'barcelona.png')
INSERT INTO klub VALUES(2, 'Real Madrid', 3, 'info@realmadrid.com', 'www.realmadrid.com', '987654321', 'realmadrid.png')
INSERT INTO klub VALUES(3, 'Manchester United', 2, 'info@manutd.com', 'www.manutd.com', '456789123', 'manutd.png')
INSERT INTO klub VALUES(4, 'Liverpool', 9, 'info@liverpoolfc.com', 'www.liverpoolfc.com', '321654987', 'liverpool.png')
INSERT INTO klub VALUES(5, 'AC Milan', 4, 'info@acmilan.com', 'www.acmilan.com', '789123456', 'acmilan.png')
INSERT INTO klub VALUES(6, 'Inter Milan', 25, 'info@inter.it', 'www.inter.it', '456987321', 'inter.png')
INSERT INTO klub VALUES(7, 'Bayern Munich', 5, 'info@fcbayern.de', 'www.fcbayern.de', '987321654', 'bayern.png')
INSERT INTO klub VALUES(8, 'Borussia Dortmund', 7, 'info@bvb.de', 'www.bvb.de', '321789654', 'dortmund.png')
INSERT INTO klub VALUES(9, 'Valencia',24, 'info@valencia.com', 'www.valencia.com', '789654321', 'valencia.png')
INSERT INTO klub VALUES(10, 'Roma', 10, 'info@asroma.com', 'www.asroma.com', '321456789', 'roma.png')
INSERT INTO klub VALUES(11, 'Paris Saint-Germain', 11, 'info@psg.fr', 'www.psg.fr', '654789123', 'psg.png')
INSERT INTO klub VALUES(12, 'Olympique Marseille', 14, 'info@om.net', 'www.om.net', '987123456', 'marseille.png')
INSERT INTO klub VALUES(13, 'Chelsea', 21, 'info@chelseafc.com', 'www.chelseafc.com', '456321789', 'chelsea.png')
INSERT INTO klub VALUES(14, 'CSKA', 23, 'info@cska.com', 'www.cska.com', '789456123', 'cska.png')
INSERT INTO klub VALUES(15, 'Arsenal', 8, 'info@arsenal.com', 'www.arsenal.com', '321987654', 'arsenal.png')
INSERT INTO klub VALUES(16, 'Tottenham Hotspur', 6, 'info@spurs.com', 'www.spurs.com', '654123789', 'spurs.png')
INSERT INTO klub VALUES(17, 'Ajax', 13, 'info@ajax.nl', 'www.ajax.nl', '987456321', 'ajax.png')
INSERT INTO klub VALUES(18, 'Atletiko Madrid', 22, 'info@atletiko.nl', 'www.atletiko.nl', '456789654', 'atletiko.png')
INSERT INTO klub VALUES(19, 'Benfica', 12, 'info@slbenfica.pt', 'www.slbenfica.pt', '789123456', 'benfica.png')
INSERT INTO klub VALUES(20, 'Porto', 15, 'info@fcporto.pt', 'www.fcporto.pt', '321654789', 'porto.png')
INSERT INTO klub VALUES(21, 'Partizan', 20, 'info@partizan.com', 'www.partizan.com', '654987321', 'partizan.png')
INSERT INTO klub VALUES(22, 'Munchen1860', 18, 'info@munchen.org.ar', 'www.munchen.com.ar', '987321654', 'munchen.png')
INSERT INTO klub VALUES(23, 'Napoli', 19, 'info@napoli.com.br', 'www.napoli.com.br', '321654987', 'napoli.png')
INSERT INTO klub VALUES(24, 'Fenerbahçe', 17, 'info@fenerbahçe.com.br', 'www.fenerbahçe.com.br', '654987321', 'fenerbahçe.png')
INSERT INTO klub VALUES(25, 'AEK', 16, 'info@aek.com.br', 'www.aek.com.br', '987321654', 'aek.png');

/*TAKMICENJA*/
INSERT INTO takmicenje  VALUES (1, 'Premier League');
INSERT INTO takmicenje  VALUES (2, 'La Liga');
INSERT INTO takmicenje  VALUES (3, 'Bundesliga');
INSERT INTO takmicenje  VALUES (4, 'Serie A');
INSERT INTO takmicenje  VALUES (5, 'Ligue 1');
INSERT INTO takmicenje  VALUES (6, 'Jelen SUper Liga');
INSERT INTO takmicenje  VALUES (7, 'Eredivisie');
INSERT INTO takmicenje  VALUES (8, 'Champions leauge');
INSERT INTO takmicenje  VALUES (9, 'Europe legaue');
INSERT INTO takmicenje  VALUES (10, 'Conferencion leauge');
INSERT INTO takmicenje  VALUES (11, 'Euro');
INSERT INTO takmicenje VALUES (12, 'World Cup');

/*UTAKMICE*/
INSERT INTO utakmica  VALUES (1, '2022-01-15', '20:00', 1, 1, 2, 3, 1);
INSERT INTO utakmica  VALUES (2, '2022-02-05', '18:30', 1, 3, 4, 2, 0);
INSERT INTO utakmica  VALUES (3, '2022-03-12', '19:45', 2, 5, 6, 1, 1);
INSERT INTO utakmica  VALUES (4, '2022-04-02', '17:00', 2, 7, 8, 2, 1);
INSERT INTO utakmica  VALUES (5, '2022-05-08', '20:15', 3, 9, 10, 0, 2);
INSERT INTO utakmica  VALUES (6, '2022-02-19', '16:30', 3, 11, 12, 4, 0);
INSERT INTO utakmica  VALUES (7, '2022-03-26', '14:00', 4, 13, 14, 2, 2);
INSERT INTO utakmica  VALUES (8, '2022-04-09', '15:45', 4, 15, 16, 1, 0);
INSERT INTO utakmica  VALUES (9, '2022-01-25', '19:00', 5, 17, 18, 0, 1);
INSERT INTO utakmica  VALUES (10, '2022-02-14', '20:45', 5, 19, 20, 2, 0);
INSERT INTO utakmica  VALUES (11, '2022-03-05', '16:00', 6, 21, 22, 3, 1);
INSERT INTO utakmica  VALUES (12, '2022-04-22', '18:30', 6, 22, 24, 2, 2);
INSERT INTO utakmica  VALUES (13, '2022-02-06', '21:00', 7, 25, 13, 1, 0);
INSERT INTO utakmica  VALUES (14, '2022-03-19', '17:30', 7, 24, 1, 0, 2);
INSERT INTO utakmica  VALUES (15, '2022-04-30', '20:00', 8, 5, 10, 1, 1);
INSERT INTO utakmica  VALUES (16, '2022-02-11', '16:30', 8, 1, 2, 0, 1);
INSERT INTO utakmica  VALUES (17, '2022-03-25', '15:00', 9, 3, 4, 2, 2);
INSERT INTO utakmica  VALUES (18, '2022-04-08', '17:45', 9, 5, 6, 1, 0);
INSERT INTO utakmica  VALUES (19, '2022-05-07', '19:30', 10, 7, 8, 3, 1);
INSERT INTO utakmica  VALUES (20, '2022-02-18', '21:00', 10, 9, 10, 1, 2);
INSERT INTO utakmica  VALUES (21, '2022-03-27', '18:00', 11, 11, 12, 0, 0);
INSERT INTO utakmica  VALUES (22, '2022-04-16', '16:30', 11, 13, 14, 1, 1);
INSERT INTO utakmica  VALUES (23, '2022-02-08', '20:30', 12, 15, 16, 2, 0);
INSERT INTO utakmica  VALUES (24, '2022-03-14', '19:00', 12, 17, 18, 1, 1);
INSERT INTO utakmica  VALUES (25, '2022-04-25', '20:45', 12, 19, 20, 0, 2);
INSERT INTO utakmica  VALUES (26, '2022-06-01', '19:00', 1, 4, 3, 0, 0);
INSERT INTO utakmica  VALUES (27, '2022-06-07', '15:15', 2, 3, 1, 2, 2);
INSERT INTO utakmica  VALUES (28, '2022-06-13', '18:30', 2, 4, 1, 1, 1);
INSERT INTO utakmica  VALUES (29, '2022-06-19', '20:45', 3, 2, 3, 2, 3);
INSERT INTO utakmica  VALUES (30, '2022-06-26', '14:00', 3, 1, 4, 0, 1);
INSERT INTO utakmica  VALUES (31, '2022-07-03', '17:15', 1, 3, 4, 2, 2);
INSERT INTO utakmica  VALUES (32, '2022-07-09', '20:30', 1, 1, 2, 1, 1);
INSERT INTO utakmica  VALUES (33, '2022-07-16', '14:45', 2, 2, 4, 0, 2);
INSERT INTO utakmica  VALUES (34, '2022-07-22', '18:00', 2, 3, 4, 1, 3);
INSERT INTO utakmica  VALUES (35, '2022-07-29', '20:15', 3, 4, 3, 0, 2);
INSERT INTO utakmica  VALUES (36, '2022-08-05', '15:30', 1, 2, 1, 2, 0);
INSERT INTO utakmica  VALUES (37, '2022-08-11', '18:45', 1, 4, 2, 1, 2);
INSERT INTO utakmica  VALUES (38, '2022-08-18', '21:00', 2, 1, 3, 1, 0);
INSERT INTO utakmica  VALUES (39, '2022-08-25', '16:15', 2, 2, 4, 2, 1);
INSERT INTO utakmica  VALUES (40, '2022-09-01', '19:30', 3, 3, 1, 0, 3);
INSERT INTO utakmica  VALUES (41, '2022-09-07', '15:45', 3, 4, 2, 2, 1);
INSERT INTO utakmica  VALUES (42, '2022-09-14', '19:00', 1, 1, 4, 1, 1);
INSERT INTO utakmica  VALUES (43, '2022-09-21', '22:15', 1, 3, 2, 2, 0);
INSERT INTO utakmica  VALUES (44, '2022-09-28', '16:30', 2, 4, 3, 0, 2);
INSERT INTO utakmica  VALUES (45, '2022-10-05', '19:45', 2, 1, 2, 2, 1);
INSERT INTO utakmica  VALUES (46, '2022-10-12', '14:00', 3, 3, 4, 1, 1);
INSERT INTO utakmica  VALUES (47, '2022-10-19', '17:15', 3, 2, 1, 0, 2);
INSERT INTO utakmica  VALUES (48, '2022-10-26', '20:30', 1, 4, 3, 2, 1);
INSERT INTO utakmica  VALUES (49, '2022-11-02', '15:45', 1, 2, 1, 1, 0);
INSERT INTO utakmica  VALUES (50, '2022-11-09', '19:00', 2, 3, 4, 0, 3);
INSERT INTO utakmica  VALUES (51, '2022-04-29', '20:45', 2, 4, 3, 0, 1);
INSERT INTO utakmica  VALUES (52, '2022-05-05', '15:00', 2, 1, 4, 2, 2);
INSERT INTO utakmica  VALUES (53, '2022-05-12', '18:15', 3, 2, 1, 1, 0);
INSERT INTO utakmica  VALUES (54, '2022-05-18', '20:30', 3, 3, 4, 0, 3);
INSERT INTO utakmica  VALUES (55, '2022-05-25', '16:45', 1, 2, 1, 3, 1);
INSERT INTO utakmica  VALUES (60, '2022-04-22', '17:30', 1, 3, 2, 1, 2);
INSERT INTO utakmica  VALUES (61, '2022-02-25', '14:00', 3, 4, 3, 0, 2);
INSERT INTO utakmica  VALUES (62, '2022-03-04', '17:15', 3, 1, 2, 2, 1);
INSERT INTO utakmica  VALUES (63, '2022-03-10', '20:30', 1, 4, 3, 1, 0);
INSERT INTO utakmica  VALUES (64, '2022-03-17', '15:45', 1, 2, 1, 2, 0);
INSERT INTO utakmica  VALUES (65, '2022-03-22', '18:00', 2, 3, 4, 1, 3);
INSERT INTO utakmica  VALUES (66, '2022-03-27', '20:15', 2, 2, 1, 0, 2);
INSERT INTO utakmica  VALUES (67, '2022-04-03', '16:30', 3, 3, 2, 1, 1);
INSERT INTO utakmica  VALUES (68, '2022-04-09', '19:45', 3, 4, 1, 3, 0);
INSERT INTO utakmica  VALUES (69, '2022-04-16', '14:15', 1, 1, 3, 2, 1);
INSERT INTO utakmica  VALUES (70, '2022-02-18', '19:30', 2, 2, 4, 2, 2);
INSERT INTO utakmica  VALUES (71, '2022-01-01', '15:00', 1, 2, 3, 2, 1);
INSERT INTO utakmica  VALUES (72, '2022-01-05', '18:30', 1, 4, 2, 0, 0);
INSERT INTO utakmica  VALUES (73, '2022-01-10', '20:15', 2, 3, 1, 3, 2);
INSERT INTO utakmica  VALUES (74, '2022-01-15', '16:45', 2, 4, 1, 1, 1);
INSERT INTO utakmica  VALUES (75, '2022-01-20', '19:00', 3, 2, 3, 2, 3);
INSERT INTO utakmica  VALUES (76, '2022-01-25', '14:30', 3, 1, 4, 0, 1);
INSERT INTO utakmica  VALUES (77, '2022-02-02', '17:45', 1, 3, 4, 2, 2);
INSERT INTO utakmica  VALUES (78, '2022-02-07', '20:00', 1, 1, 2, 1, 1);
INSERT INTO utakmica  VALUES (79, '2022-02-12', '16:15', 2, 1, 3, 3, 0);